./polaris/ebdef9d9d26612f124f73118ca05bf5b45d7855d.jpeg,ebdef9d9d26612f124f73118ca05bf5b45d7855d
./3c 273/da04d6937a6413b9fa9bdceb56d0ec10a7e7f017.jpeg,da04d6937a6413b9fa9bdceb56d0ec10a7e7f017
./3c 273/beb5e4a085530982423a30e9b110ed4ce81a290b.jpeg,beb5e4a085530982423a30e9b110ed4ce81a290b
./3c 273/8b0d480866b47e54629a7a6d2e202be383b6dc53.jpeg,8b0d480866b47e54629a7a6d2e202be383b6dc53
./3c 273/ef402b2de0bd36ecc4c00b7bb8028136a5dc94cb.jpeg,ef402b2de0bd36ecc4c00b7bb8028136a5dc94cb
./3c 273/b81b74a100829ff6f012d92a25fe7c777a15a989.jpeg,b81b74a100829ff6f012d92a25fe7c777a15a989
./3c 273/15ba1b9691a42829c269a13c37086204f57f8c32.jpeg,15ba1b9691a42829c269a13c37086204f57f8c32
./jkcs 041/4ca02b7c54b1a56dafc2c8dfe66048965fb9c190.jpeg,4ca02b7c54b1a56dafc2c8dfe66048965fb9c190
./jkcs 041/0a7de320251e0555aff1c7f1d319ede5f278f8df.jpeg,0a7de320251e0555aff1c7f1d319ede5f278f8df
./bullet cluster (1e 0657-56)/a5e9f9ef8bf6a27722399631ae03c3915e652654.jpeg,a5e9f9ef8bf6a27722399631ae03c3915e652654
./bullet cluster (1e 0657-56)/fa3528a04f2f9b0600cb6a9a5c156eb1a018f7ee.jpeg,fa3528a04f2f9b0600cb6a9a5c156eb1a018f7ee
./bullet cluster (1e 0657-56)/f04fc4334f8f5f3358f06ced6348e12924cfdfd2.png,f04fc4334f8f5f3358f06ced6348e12924cfdfd2
./macs j0717.5+3745/c3b0c19ad6b47e9368ae16c0ac4c4dd2e3c90f84.jpeg,c3b0c19ad6b47e9368ae16c0ac4c4dd2e3c90f84
./macs j0717.5+3745/ed7fe489b2bd39e231188fc6b26ddfd06ebd9cac.jpeg,ed7fe489b2bd39e231188fc6b26ddfd06ebd9cac
./ngc 2623/99ad8b8a2805c03556860048cad0bdd01f3493c9.jpeg,99ad8b8a2805c03556860048cad0bdd01f3493c9
./ngc 2623/b6a537348e344aa1717866e79dc91a71b4a050f1.png,b6a537348e344aa1717866e79dc91a71b4a050f1
./ngc 2623/5cfa7dd8bb281956c3f0c688950896d14c547876.jpeg,5cfa7dd8bb281956c3f0c688950896d14c547876
./ngc 2623/23061c9c6d79e16df2e1868e35edc5110174aad3.jpeg,23061c9c6d79e16df2e1868e35edc5110174aad3
./ngc 2623/9bf54666c7f3b388f4f0da0b6534ed0d56e56d7b.jpeg,9bf54666c7f3b388f4f0da0b6534ed0d56e56d7b
./dla0817g/f8f4e3eb98af4e1fb1abe162e3a9efeaf5a06ac2.png,f8f4e3eb98af4e1fb1abe162e3a9efeaf5a06ac2
./dla0817g/20df17ae3c81ebdd2e001b828648dd5a13dfa438.png,20df17ae3c81ebdd2e001b828648dd5a13dfa438
./dla0817g/cc98c6a1ec08af9ca56f7eb9f370803a00c1eb13.png,cc98c6a1ec08af9ca56f7eb9f370803a00c1eb13
./macs j1149.5+2223/6f32a61194c40721a5ccdb15bd70bdc94aaec37c.jpeg,6f32a61194c40721a5ccdb15bd70bdc94aaec37c